CAD_INCIDENT_ID,INITIAL_CALL_TYPE,INITIAL_SEVERITY_LEVEL_CODE,FINAL_CALL_TYPE,FINAL_SEVERITY_LEVEL_CODE,DISPATCH_RESPONSE_SECONDS_QY,INCIDENT_RESPONSE_SECONDS_QY,INCIDENT_TRAVEL_TM_SECONDS_QY,INCIDENT_DISPOSITION_CODE,BOROUGH,INCIDENT_DISPATCH_AREA,ZIPCODE,POLICEPRECINCT,CITYCOUNCILDISTRICT,COMMUNITYDISTRICT,COMMUNITYSCHOOLDISTRICT,CONGRESSIONALDISTRICT
111842365,259,2,259,2,24,331,307,82,4,1,10454,40,8,201,7,15
111842368,28,2,28,2,25,336,311,82,4,4,10469,47,12,212,11,16
111842369,235,6,235,6,45,243,198,82,4,3,10461,45,13,210,11,14
111842371,68,2,68,2,22,347,325,82,4,1,10460,42,17,203,12,15
111842372,235,6,235,6,24,299,275,82,1,2,11413,105,31,413,29,5
111842375,259,2,259,2,25,242,217,82,2,5,10029,23,8,111,4,13
111842376,235,6,235,6,35,530,495,82,3,7,11233,81,36,303,16,8
111842377,232,3,232,3,33,445,412,82,1,6,11373,110,25,404,24,6
111842380,68,2,68,2,18,338,320,82,3,1,11235,61,48,315,22,9
111842381,235,4,235,4,9,305,296,82,1,5,11427,107,23,408,29,5
111842382,235,6,235,6,19,240,221,82,3,5,11238,77,35,308,17,9
111842386,78,4,78,4,12,856,844,82,1,1,11691,101,31,414,27,5
111842388,235,4,235,4,51,554,503,82,4,3,10462,49,13,211,11,14
111842389,80,7,80,7,15,869,854,82,2,1,10002,7,1,103,2,7
111842391,120,5,28,2,18,253,235,82,3,2,11220,72,38,307,20,7
111842392,80,7,80,7,9,451,442,82,3,4,11208,75,42,305,19,8
111842396,259,2,259,2,9,530,521,82,3,4,11208,75,37,305,19,7
111842400,4,5,4,5,34,358,324,82,1,4,11375,112,29,406,28,6
111842401,68,2,68,2,33,338,305,82,4,3,10461,45,13,210,8,14
111842403,28,2,28,2,16,175,159,82,4,5,10467,52,11,207,10,13
111842405,68,2,68,2,21,435,414,82,3,7,11206,90,34,301,14,7
111842406,80,7,80,7,99,679,580,82,4,5,10467,52,11,207,10,13
111842407,124,4,124,4,44,305,261,82,4,1,10454,40,8,201,7,15
111842408,39,3,39,3,19,274,255,82,4,2,10453,46,14,205,9,15
111842410,264,3,68,2,30,366,336,82,3,5,11216,77,36,308,17,9
111842411,78,4,78,4,10,226,216,82,2,9,10040,34,10,112,6,13
111842412,68,2,68,2,14,232,218,82,4,5,10468,50,14,208,10,13
111842413,28,2,28,2,41,361,320,82,3,4,11233,73,41,316,23,8
111842414,78,4,78,4,61,376,315,82,4,1,10460,42,17,203,12,15
111842415,235,6,235,6,57,186,129,82,4,1,10455,40,17,201,7,15
111842416,235,6,235,6,34,306,272,82,2,9,10032,33,10,112,6,13
111842418,18,2,18,2,68,301,233,82,3,7,11211,90,34,301,14,12
111842420,28,2,28,2,35,340,305,82,3,2,11220,72,38,307,20,7
111842421,235,6,235,6,38,789,751,82,2,1,10002,7,1,103,1,7
111842422,235,6,235,6,72,412,340,82,2,3,10036,14,4,105,2,12
111842425,124,5,124,5,40,318,278,82,2,9,10033,34,10,112,6,13
111842426,78,4,78,4,29,308,279,82,3,4,11233,73,41,316,23,8
111842427,78,4,78,4,23,435,412,82,2,3,10018,14,4,105,2,12
111842428,209,6,209,6,10,312,302,82,3,3,11203,71,41,309,18,9
111842429,235,6,235,6,35,283,248,82,4,3,10465,45,13,210,8,14
111842431,259,2,259,2,12,158,146,82,2,2,10003,9,2,103,1,12
111842435,78,4,78,4,22,236,214,82,2,4,10025,24,7,107,3,13
111842436,241,4,241,4,27,278,251,82,3,1,11224,60,47,313,21,8
111842437,68,2,68,2,31,397,366,82,2,5,10029,23,5,111,2,13
111842438,28,2,28,2,36,473,437,82,1,6,11106,114,26,401,30,12
111842440,209,6,209,6,22,354,332,82,3,3,11203,67,45,317,18,9
111842444,124,5,124,5,96,579,483,82,3,3,11210,67,45,317,22,9
111842445,124,5,124,5,12,275,263,82,1,6,11370,114,22,401,7,14
111842446,124,5,124,5,10,280,270,82,1,1,11692,100,31,414,27,5
111842448,39,3,39,3,27,865,838,82,1,1,11697,100,32,414,27,5
111842449,6,3,6,3,57,536,479,82,4,1,10459,42,17,203,12,15
111842450,235,6,235,6,22,345,323,82,3,4,11207,75,42,305,19,8
111842451,124,5,124,5,41,358,317,82,4,3,10465,45,13,210,8,14
111842452,248,2,248,2,13,513,500,82,4,1,10454,40,8,201,7,15
111842453,80,7,80,7,28,445,417,82,2,9,10032,33,10,112,6,13
111842454,4,5,4,5,76,844,768,82,3,4,11234,63,46,318,22,8
111842457,78,4,78,4,35,200,165,82,2,3,10019,18,6,104,2,10
111842459,124,4,124,4,79,209,130,82,2,2,10009,13,4,106,2,12
111842463,80,7,80,7,41,321,280,82,2,4,10023,20,6,107,3,10
111842466,123,7,123,7,15,191,176,82,4,2,10468,46,15,205,10,15
111842468,229,4,229,4,10,493,483,82,3,4,11208,75,42,305,19,8
111842469,78,4,78,4,20,405,385,82,2,3,10036,18,3,105,2,12
111842470,39,3,39,3,10,204,194,82,2,7,10035,25,9,111,5,13
111842471,229,4,229,4,44,599,555,82,1,5,11432,107,24,408,28,6
111842472,4,4,4,4,59,228,169,82,4,2,10452,44,16,204,9,15
111842473,235,6,235,6,27,307,280,82,1,2,11433,103,27,412,29,5
111842474,259,2,259,2,33,44,11,82,2,5,10029,23,8,111,4,13
111842475,39,3,39,3,36,218,182,82,2,4,10025,24,7,107,3,13
111842476,235,6,39,3,33,213,180,82,3,6,11205,88,35,302,13,8
111842478,218,3,218,3,140,367,227,82,4,3,10465,45,13,210,8,14
111842479,68,2,24,1,55,422,367,82,4,3,10465,45,13,210,8,14
111842481,78,4,78,4,16,403,387,82,2,3,10001,14,3,105,2,10
111842484,39,3,39,3,33,341,308,82,2,5,10029,23,8,111,4,13
111842485,235,6,235,6,19,254,235,82,3,1,11224,60,47,313,21,8
111842487,209,6,209,6,13,278,265,82,3,5,11216,79,36,303,13,8
111842490,194,4,194,4,51,100,49,82,4,2,10453,46,14,205,9,15
111842491,80,7,80,7,85,272,187,82,4,4,10467,49,15,211,11,14
111842492,39,3,39,3,30,311,281,82,1,2,11412,103,27,412,29,5
111842493,235,4,235,4,19,181,162,82,2,5,10029,23,8,111,4,13
111842495,4,4,4,4,45,422,377,82,4,1,10460,42,17,203,12,15
111842497,28,2,28,2,15,517,502,82,4,4,10467,49,15,211,11,14
111842499,197,2,197,2,18,190,172,82,5,1,10302,121,49,501,31,11
111842502,68,2,68,2,30,290,260,82,3,2,11209,68,43,310,20,11
111842505,78,4,78,4,18,400,382,82,4,9,10452,44,16,204,9,15
111842506,198,5,198,5,55,415,360,82,3,1,11229,70,45,314,22,9
111842508,209,6,209,6,14,681,667,82,2,6,10027,26,7,109,5,13
111842510,124,4,124,4,20,478,458,82,3,1,11224,60,47,313,21,8
111842513,257,2,257,2,29,518,489,82,4,5,10453,52,14,207,10,13
111842514,235,6,235,6,41,285,244,82,2,3,10022,18,4,105,2,12
111842516,4,5,39,3,43,624,581,82,1,4,11374,112,29,406,28,6
111842518,48,1,48,1,17,472,455,82,1,6,11109,108,26,402,30,12
111842521,123,7,123,7,54,411,357,82,2,3,10036,18,3,104,2,10
111842523,235,4,235,4,25,402,377,82,3,2,11220,72,38,307,15,7
111842524,235,4,235,4,35,321,286,82,3,2,11220,72,38,307,15,7
111842525,235,6,68,2,47,360,313,82,4,2,10453,46,14,205,10,15
111842528,80,7,80,7,35,902,867,82,4,1,10459,41,17,202,8,15
111842531,235,4,235,4,29,342,313,82,2,2,10001,10,3,104,2,12
111842532,68,2,68,2,34,338,304,82,1,2,11423,103,27,412,29,5
111842534,4,5,4,5,14,243,229,82,4,2,10468,46,14,205,10,15
111842535,235,4,235,4,24,393,369,82,4,1,10451,40,8,201,7,15
111842536,124,5,124,5,62,1554,1492,82,4,2,10460,48,15,206,10,15
111842538,78,4,78,4,11,155,144,82,1,1,11691,101,31,414,27,5
111842541,235,6,235,6,65,168,103,82,3,2,11232,72,38,307,15,7
111842544,97,5,97,5,16,779,763,82,4,3,10462,43,18,209,12,15
111842545,78,4,78,4,11,690,679,82,4,3,10465,45,13,210,8,14
111842547,218,3,218,3,62,409,347,82,2,4,10025,24,6,107,3,10
111842548,241,4,241,4,10,231,221,82,1,4,11385,104,30,405,24,7
111842552,229,4,68,2,12,287,275,82,1,3,11419,106,28,410,27,5
111842553,124,5,124,5,44,366,322,82,2,3,10019,18,4,105,2,12
111842554,235,4,235,4,38,930,892,82,4,5,10463,50,14,208,10,13
111842555,235,4,235,4,39,540,501,82,3,7,11211,90,34,301,14,7
111842556,235,4,235,4,24,538,514,82,1,2,11432,103,24,412,28,5
111842559,59,2,59,2,47,405,358,82,3,4,11234,63,46,318,22,8
111842560,198,5,198,5,19,361,342,82,2,5,10029,23,5,111,2,13
111842561,97,5,97,5,56,547,491,82,3,4,11212,73,42,316,23,8
111842562,38,7,38,7,71,1036,965,82,4,2,10458,48,15,206,10,15
111842563,4,4,4,4,20,438,418,82,4,2,10457,48,15,206,10,15
111842566,209,6,209,6,38,306,268,82,2,6,10031,30,7,109,6,13
111842567,78,4,78,4,12,471,459,82,3,7,11222,94,33,301,14,12
111842568,68,2,68,2,44,159,115,82,1,6,11105,114,22,401,30,14
111842569,264,3,264,3,31,322,291,82,3,7,11221,81,41,303,16,8
111842571,194,4,194,4,165,429,264,82,3,3,11216,77,35,308,17,9
111842572,259,2,259,2,38,204,166,82,4,1,10454,40,17,201,7,15
111842573,209,6,209,6,52,287,235,82,5,2,10304,122,50,502,31,11
111842575,78,4,78,4,67,380,313,82,3,2,11232,72,38,307,15,7
111842577,80,7,80,7,56,255,199,82,5,1,10301,120,49,501,31,11
111842578,229,4,229,4,45,724,679,82,2,3,10036,18,3,105,2,12
111842579,194,4,194,4,0,0,0,82,3,7,11237,83,37,304,32,7
111842580,28,2,28,2,12,639,627,82,4,1,10456,42,16,203,9,15
111842581,68,2,68,2,30,330,300,82,2,9,10034,34,10,112,6,13
111842584,235,6,235,6,42,472,430,82,4,4,10469,47,12,212,11,16
111842585,259,2,259,2,30,321,291,82,4,5,10463,52,11,208,10,13
111842586,194,4,194,4,10,204,194,82,3,1,11229,61,48,315,22,9
111842587,235,6,235,6,20,279,259,82,1,4,11385,104,30,405,24,7
111842589,124,5,124,5,10,401,391,82,2,6,10031,30,7,109,6,13
111842591,235,6,235,6,10,369,359,82,3,4,11208,75,42,305,19,8
111842596,259,2,259,2,49,589,540,82,1,2,11435,103,28,412,28,5
111842597,232,3,232,3,18,303,285,82,3,4,11212,73,41,316,23,9
111842598,124,4,124,4,100,279,179,82,4,4,10469,49,12,211,11,16
111842601,124,5,124,5,11,345,334,82,3,1,11223,60,47,313,21,11
111842602,68,2,68,2,23,221,198,82,2,6,10031,30,7,109,6,13
111842603,241,4,241,4,25,500,475,82,3,5,11216,79,36,303,13,8
111842604,59,2,59,2,21,179,158,82,3,6,11217,76,33,306,15,7
111842605,124,5,124,5,15,398,383,82,2,1,10002,5,1,103,1,7
111842606,97,5,97,5,16,290,274,82,1,3,11421,102,30,409,27,7
111842609,122,3,122,3,26,1397,1371,82,4,3,10472,43,18,209,8,15
111842611,198,5,198,5,19,366,347,82,3,3,11226,67,40,317,17,9
111842612,235,6,235,6,21,502,481,82,1,6,11101,108,26,402,24,14
111842613,124,5,124,5,37,437,400,82,1,7,11354,109,20,407,25,6
111842614,264,3,264,3,26,213,187,82,3,1,11224,60,47,313,21,8
111842616,4,5,4,5,27,242,215,82,1,2,11429,105,27,413,29,5
111842617,264,3,264,3,8,217,209,82,2,5,10021,19,4,108,2,12
111842618,235,4,235,4,18,350,332,82,3,6,11205,88,35,302,13,8
111842619,78,4,78,4,8,290,282,82,2,7,10035,25,8,111,5,13
111842620,235,6,235,6,33,554,521,82,3,1,11224,60,47,313,21,8
111842623,68,2,68,2,88,376,288,82,3,5,11233,77,41,308,17,9
111842624,194,4,194,4,27,149,122,82,4,2,10458,46,15,205,10,13
111842626,4,5,4,5,31,754,723,82,4,2,10453,46,14,205,9,15
111842627,259,2,259,2,21,564,543,82,1,2,11435,103,24,412,28,5
111842632,248,2,248,2,19,386,367,82,2,7,10027,28,9,110,5,13
111842635,80,7,80,7,16,195,179,82,1,2,11429,105,27,413,29,5
111842639,4,5,4,5,10,343,333,82,3,3,11212,67,41,317,18,9
111842640,68,2,68,2,11,74,63,82,1,2,11412,113,27,412,29,5
111842641,59,2,59,2,36,523,487,82,1,4,11375,112,29,406,28,6
111842642,241,4,241,4,34,295,261,82,1,2,11413,105,31,413,29,5
111842644,235,6,235,6,59,242,183,82,4,4,10466,47,12,212,11,16
111842645,194,4,194,4,8,273,265,82,3,7,11211,90,34,301,14,12
111842647,124,4,124,4,21,78,57,82,2,9,10031,30,7,109,6,13
111842648,123,7,123,7,34,822,788,82,3,4,11208,75,37,305,19,7
111842650,68,2,68,2,77,396,319,82,4,2,10457,48,15,206,10,15
111842651,4,4,4,4,67,261,194,82,3,4,11212,73,41,316,23,9
111842653,124,4,124,4,24,424,400,82,4,3,10475,45,12,210,11,16
111842654,4,5,4,5,14,284,270,82,1,6,11372,110,21,404,24,14
111842656,235,4,59,2,13,174,161,82,2,1,10002,5,1,103,2,7
111842657,78,4,78,4,32,404,372,82,4,1,10454,40,8,201,7,15
111842658,124,5,124,5,31,471,440,82,4,3,10454,40,8,201,7,15
111842661,235,6,235,6,15,132,117,82,3,2,11232,72,38,307,15,7
111842664,235,4,235,4,11,315,304,82,3,3,11225,71,35,309,17,9
111842665,38,7,38,7,23,311,288,82,4,3,10462,43,18,209,11,14
111842666,124,4,124,4,26,641,615,82,4,3,10460,43,18,209,12,15
111842667,4,5,4,5,57,678,621,82,4,3,10475,45,12,210,11,16
111842669,241,4,241,4,10,406,396,82,3,4,11210,67,45,317,22,9
111842670,123,7,123,7,12,317,305,82,2,8,10039,32,9,110,5,13
111842672,124,5,124,5,7,413,406,82,1,6,11106,114,26,401,30,12
111842673,68,2,68,2,13,157,144,82,3,4,11212,73,42,316,23,9
111842674,4,5,4,5,10,336,326,82,3,4,11207,75,42,305,19,8
111842675,80,7,80,7,50,531,481,82,4,1,10459,41,17,202,8,15
111842676,123,7,123,7,8,319,311,82,2,9,10040,34,10,112,6,13
111842678,248,2,248,2,65,494,429,82,3,6,11217,84,33,302,15,8
111842681,123,4,123,4,63,444,381,82,2,3,10017,14,4,105,2,12
111842682,124,5,124,5,23,367,344,82,4,1,10456,42,16,203,9,15
111842683,80,7,80,7,66,926,860,82,3,4,11207,75,37,305,19,8
111842684,28,2,28,2,15,239,224,82,3,7,11206,79,36,303,14,8
111842685,235,6,235,6,10,363,353,82,4,3,10462,49,13,211,11,14
111842686,235,6,235,6,19,151,132,82,3,7,11222,94,33,301,14,12
111842687,80,7,80,7,31,257,226,82,4,2,10453,46,15,205,9,15
111842688,124,5,124,5,16,273,257,82,3,5,11213,77,36,308,16,9
111842689,235,6,235,6,11,540,529,82,2,3,10017,14,4,105,2,12
111842690,124,5,124,5,28,849,821,82,4,3,10462,49,13,211,11,14
111842691,68,2,68,2,21,368,347,82,1,2,11001,105,23,413,26,3
111842692,235,6,235,6,17,342,325,82,4,2,10460,48,15,206,12,15
111842694,39,3,39,3,10,267,257,82,2,9,10032,30,7,109,6,13
111842695,259,2,259,2,12,242,230,82,3,4,11207,75,42,305,19,8
111842696,194,4,194,4,22,181,159,82,3,4,11212,77,41,308,17,9
111842697,78,4,78,4,41,420,379,82,2,2,10014,6,3,102,2,10
111842698,124,5,124,5,15,308,293,82,2,5,10065,19,4,108,2,12
111842699,229,4,229,4,30,380,350,82,4,1,10455,41,8,202,8,15
111842700,80,7,80,7,12,267,255,82,2,3,10036,18,4,105,2,12
111842701,80,7,80,7,30,446,416,82,1,6,11373,110,25,404,24,14
111842702,4,5,4,5,50,455,405,82,2,5,10029,23,8,111,4,13
111842704,80,7,80,7,8,468,460,82,1,3,11418,102,32,409,27,5
111842705,124,5,124,5,39,122,83,82,4,2,10457,48,15,206,10,15
111842707,235,6,235,6,110,732,622,82,4,2,10457,48,15,206,10,15
111842709,28,2,28,2,16,442,426,82,3,4,11207,75,37,305,19,7
111842710,124,5,124,5,20,434,414,82,3,1,11204,62,44,311,21,10
111842711,259,2,259,2,41,282,241,82,4,4,10466,47,12,212,11,16
111842713,124,5,124,5,49,502,453,82,3,5,11216,79,36,303,13,8
111842714,124,4,124,4,58,508,450,82,1,7,11360,109,19,407,25,3
111842715,115,3,115,3,38,423,385,82,3,1,11204,62,44,311,21,10
111842716,124,5,124,5,14,418,404,82,4,5,10458,52,15,207,10,13
111842720,124,5,124,5,9,327,318,82,2,9,10040,34,10,112,6,13
111842721,78,4,78,4,27,230,203,82,2,3,10036,14,4,105,2,12
111842722,6,3,6,3,13,226,213,82,3,1,11224,60,47,313,21,8
111842723,4,5,4,5,211,730,519,82,4,1,10459,41,17,202,8,15
111842727,235,6,235,6,15,459,444,82,3,4,11207,75,42,305,19,8
111842728,78,4,78,4,19,329,310,82,3,1,11224,60,47,313,21,8
111842729,124,5,124,5,40,272,232,82,3,7,11249,94,33,301,14,12
111842732,239,6,239,4,27,328,301,82,4,5,10463,50,10,208,10,13
111842734,80,7,80,7,22,443,421,82,2,1,10013,5,1,101,2,7
111842735,264,3,264,3,141,417,276,82,1,6,11368,115,21,403,24,14
111842736,124,5,124,5,31,469,438,82,3,7,11222,94,33,301,14,12
111842738,235,6,235,6,24,501,477,82,3,3,11203,71,41,309,18,9
111842739,235,6,235,4,20,582,562,82,1,2,11412,103,27,412,29,5
111842741,124,4,124,4,25,177,152,82,2,3,10036,18,3,104,2,10
111842742,241,4,241,4,32,414,382,82,4,3,10472,43,18,209,12,15
111842744,124,5,59,2,30,345,315,82,3,2,11220,68,43,310,20,10
111842746,124,5,124,5,30,311,281,82,2,5,10029,23,8,111,4,13
111842747,78,4,78,4,23,323,300,82,2,2,10011,13,3,104,2,12
111842748,124,5,124,5,31,480,449,82,4,2,10453,46,14,205,10,15
111842750,4,5,4,5,26,430,404,82,3,3,11226,70,40,314,22,9
111842751,78,4,78,4,8,146,138,82,1,2,11435,103,24,412,28,5
111842752,235,6,235,6,14,535,521,82,1,6,11106,114,22,401,30,12
111842753,235,6,235,6,24,290,266,82,4,2,10453,46,14,205,10,15
111842754,6,3,6,3,26,395,369,82,2,9,10034,34,10,112,6,13
111842755,78,4,78,4,49,516,467,82,3,2,11218,66,39,312,20,10
111842756,129,7,129,7,108,523,415,82,4,3,10475,45,12,210,11,16
111842757,68,2,68,2,20,243,223,82,3,4,11207,75,37,305,19,7
111842758,124,5,124,5,13,234,221,82,2,8,10039,32,9,110,5,13
111842760,124,4,124,4,18,370,352,82,4,2,10457,46,15,205,9,15
111842761,235,6,259,2,14,352,338,82,2,4,10023,20,6,107,3,10
111842763,124,5,124,5,10,285,275,82,3,7,11206,79,36,303,14,7
111842764,241,4,241,4,18,477,459,82,4,3,10472,43,18,209,8,15
111842765,197,2,197,2,14,194,180,82,4,2,10457,48,15,206,9,15
111842766,235,4,235,4,19,177,158,82,2,5,10029,23,8,111,4,13
111842768,235,6,235,6,24,278,254,82,1,2,11412,113,27,412,29,5
111842769,218,3,218,3,14,288,274,82,3,3,11226,70,40,314,17,9
111842770,124,5,124,5,20,773,753,82,4,1,10455,40,8,201,7,15
111842771,235,4,235,4,7,317,310,82,2,9,10040,34,10,112,6,13
111842773,68,2,68,2,25,237,212,82,2,2,10014,6,3,102,2,10
111842774,235,6,235,6,12,245,233,82,2,6,10027,26,9,109,5,13
111842775,80,7,80,7,22,448,426,82,3,3,11203,71,41,309,17,9
111842776,235,4,235,4,63,397,334,82,1,2,11432,103,27,412,29,5
111842777,4,5,4,5,8,413,405,82,2,9,10034,34,10,112,6,13
111842778,235,6,235,6,25,310,285,82,2,2,10010,13,2,105,2,12
111842780,6,3,6,3,22,392,370,82,1,2,11434,113,31,412,29,5
111842787,235,6,235,6,31,306,275,82,4,5,10468,52,14,207,10,15
111842788,80,7,80,7,14,438,424,82,2,2,10012,6,1,102,2,10
111842789,235,6,235,6,0,0,0,82,4,3,10462,43,18,209,8,14
111842790,4,4,24,1,11,796,785,82,4,1,10459,42,17,203,12,15
111842791,124,5,124,5,20,217,197,82,2,1,10002,7,1,103,1,12
111842792,68,2,68,2,27,509,482,82,1,5,11427,107,23,408,29,5
111842793,259,2,259,2,23,186,163,82,5,2,10306,122,50,502,31,11
111842795,235,4,235,4,12,57,45,82,3,6,11215,78,39,306,13,7
111842797,68,2,68,2,32,305,273,82,1,1,11691,101,31,414,27,5
111842798,4,5,4,5,16,333,317,82,2,4,10025,24,6,107,3,10
111842799,68,2,68,2,18,194,176,82,4,2,10458,48,15,206,10,15
111842802,78,4,78,4,28,254,226,82,1,7,11354,109,20,407,25,6
111842804,68,2,68,2,26,275,249,82,1,1,11691,101,31,414,27,5
111842805,124,5,124,5,7,559,552,82,2,7,10037,25,9,111,5,13
111842809,80,7,80,7,49,241,192,82,1,2,11429,105,27,413,29,5
111842810,124,5,124,5,7,286,279,82,2,9,10031,30,7,109,6,13
111842811,235,6,235,6,29,770,741,82,4,2,10457,46,15,205,9,15
111842812,4,5,4,5,9,370,361,82,2,1,10280,1,1,101,2,10
111842813,235,6,235,6,18,537,519,82,4,5,10458,52,15,207,10,13
111842816,28,2,28,2,17,201,184,82,5,1,10301,120,49,501,31,11
111842817,197,2,197,2,30,207,177,82,3,4,11207,75,37,305,19,7
111842819,68,2,68,2,15,314,299,82,5,1,10310,120,49,501,31,11
111842822,241,4,241,4,30,320,290,82,3,2,11204,62,47,311,20,10
111842823,6,3,6,3,13,184,171,82,5,2,10306,122,50,502,31,11
111842824,78,4,78,4,46,372,326,82,2,3,10017,17,4,106,2,12
111842828,68,2,68,2,19,493,474,82,5,3,10309,123,51,503,31,11
111842829,124,4,124,4,12,162,150,82,4,1,10455,40,17,201,7,15
111842832,240,7,240,7,55,735,680,82,4,5,10468,52,14,207,10,13
111842833,259,2,24,1,18,340,322,82,2,1,10005,1,1,101,2,10
111842834,78,4,6,3,41,315,274,82,4,2,10451,44,8,204,7,15
111842835,235,6,235,6,38,274,236,82,4,4,10469,47,12,212,11,16
111842836,232,3,232,3,14,128,114,82,3,6,11205,88,35,302,14,8
111842837,194,4,122,3,48,332,284,82,1,6,11377,108,26,402,30,14
111842838,78,4,78,4,10,138,128,82,4,2,10451,44,8,204,7,15
111842840,229,4,259,2,37,534,497,82,4,2,10457,44,16,204,9,15
111842841,235,6,235,6,11,287,276,82,3,7,11233,73,37,316,23,8
111842843,78,4,78,4,18,446,428,82,2,2,10003,9,2,103,1,12
111842844,235,4,235,4,15,332,317,82,3,1,11214,62,47,311,20,11
111842845,264,3,6,3,17,454,437,82,5,3,10312,123,51,503,31,11
111842846,78,4,78,4,13,191,178,82,2,9,10032,33,7,112,6,13
111842847,68,2,68,2,13,382,369,82,5,2,10306,122,50,502,31,11
111842848,235,6,6,3,23,302,279,82,3,6,11215,78,39,306,15,7
111842849,259,2,259,2,18,231,213,82,1,6,11102,114,22,401,30,14
111842850,78,4,78,4,49,462,413,82,3,3,11226,67,40,317,17,9
111842851,235,6,235,6,36,870,834,82,4,5,10468,52,14,207,10,13
111842853,78,4,78,4,14,172,158,82,2,1,10004,1,1,101,2,10
111842854,235,6,235,6,11,560,549,82,2,3,10036,18,3,104,2,10
111842855,241,4,241,4,11,152,141,82,1,3,11416,102,28,409,27,5
111842858,229,4,229,4,14,229,215,82,2,9,10033,33,10,112,6,13
111842860,6,3,6,3,10,227,217,82,3,7,11206,79,36,303,14,8
111842861,235,6,235,6,18,331,313,82,3,4,11212,73,42,316,23,9
111842862,259,2,259,2,14,110,96,82,4,3,10461,45,13,210,8,14
111842863,198,5,198,5,10,358,348,82,2,8,10030,30,9,109,5,13
111842864,235,6,235,6,30,288,258,82,1,6,11372,115,25,403,30,14
111842866,68,2,68,2,15,294,279,82,3,6,11217,76,33,306,15,7
111842867,235,4,235,4,52,241,189,82,3,4,11212,73,41,316,23,9
111842868,4,4,4,4,31,382,351,82,2,2,10014,1,3,102,2,10
111842869,68,2,68,2,18,344,326,82,3,7,11233,81,41,303,16,8
111842874,248,2,248,2,16,505,489,82,2,7,10035,25,8,111,4,13
111842876,68,2,68,2,29,555,526,82,5,1,10304,120,49,501,31,11
111842877,241,4,241,4,20,595,575,82,2,1,10002,7,2,103,1,7
111842878,235,6,235,6,31,393,362,82,4,3,10461,45,13,210,8,14
111842879,235,6,235,6,35,507,472,82,2,2,10011,13,3,105,2,12
111842880,229,4,229,4,17,170,153,82,4,4,10467,49,13,211,11,14
111842881,124,5,124,5,18,229,211,82,3,4,11208,75,37,305,19,7
111842882,24,1,24,1,16,293,277,82,1,1,11692,100,31,414,27,5
111842886,259,2,259,2,26,509,483,82,1,3,11420,106,28,410,27,5
111842888,68,2,68,2,15,334,319,82,4,3,10475,45,12,210,11,16
111842889,235,6,235,6,37,572,535,82,5,1,10301,120,49,501,31,11
111842890,241,4,241,4,27,171,144,82,4,2,10457,44,16,204,9,15
111842891,194,4,194,4,112,452,340,82,1,2,11422,105,31,413,29,5
111842892,24,1,24,1,25,179,154,82,3,2,11230,66,44,312,21,10
111842894,124,4,124,4,111,475,364,82,1,2,11433,103,27,412,29,5
111842895,115,3,115,3,50,394,344,82,2,5,10029,23,8,111,4,13
111842896,68,2,68,2,18,216,198,82,3,5,11221,79,36,303,16,8
111842897,248,2,248,2,27,370,343,82,3,1,11223,60,47,313,21,11
111842898,128,2,128,2,13,170,157,82,2,3,10036,14,3,104,2,10
111842899,124,5,124,5,72,592,520,82,3,2,11226,70,40,314,17,9
111842900,68,2,68,2,30,188,158,82,4,1,10455,40,17,201,7,15
111842901,229,4,229,4,17,477,460,82,4,3,10461,45,13,210,8,14
111842905,78,4,78,4,18,999,981,82,3,1,11223,62,44,311,21,10
111842906,123,7,123,7,19,1399,1380,82,1,2,11433,103,28,412,28,5
111842910,259,2,259,2,13,124,111,82,4,4,10475,47,12,212,11,16
111842912,229,4,229,4,22,173,151,82,1,2,11434,113,28,412,27,5
111842913,124,5,124,5,11,195,184,82,3,3,11225,71,40,309,17,9
111842916,28,2,28,2,54,382,328,82,3,1,11223,60,47,313,21,11
111842917,80,7,80,7,13,546,533,82,2,9,10034,34,10,112,6,13
111842918,80,7,80,7,15,493,478,82,4,3,10472,43,18,209,12,15
111842920,198,5,198,5,26,309,283,82,3,5,11213,77,36,308,17,9
111842922,124,4,124,4,17,248,231,82,4,3,10465,45,13,210,8,14
111842925,218,3,218,3,37,213,176,82,3,5,11216,79,36,303,13,8
111842927,80,4,80,4,45,995,950,82,3,5,11216,77,36,308,17,8
111842928,78,4,78,4,0,0,0,82,4,2,10452,44,14,204,9,15
111842929,124,4,124,4,208,631,423,82,4,1,10459,41,17,202,8,15
111842930,235,6,78,4,20,306,286,82,1,7,11355,109,20,407,25,6
111842932,124,5,124,5,41,333,292,82,3,6,11217,78,35,302,15,8
111842935,68,2,68,2,15,465,450,82,3,7,11211,90,33,301,14,7
111842939,68,2,68,2,40,149,109,82,3,1,11214,62,43,311,20,11
111842940,80,7,80,7,59,1388,1329,82,4,2,10452,46,14,205,9,15
111842944,235,6,235,6,35,365,330,82,2,1,10007,1,1,101,2,10
111842947,28,2,28,2,56,314,258,82,1,1,11691,101,31,414,27,5
111842949,264,3,259,2,67,366,299,82,4,2,10451,44,17,204,9,15
111842950,235,6,235,6,18,343,325,82,4,5,10458,52,15,207,10,13
111842953,124,5,124,5,35,343,308,82,4,3,10473,43,18,209,8,15
111842955,235,6,235,6,16,256,240,82,5,2,10314,121,51,502,31,11
111842956,235,6,235,6,25,246,221,82,2,8,10039,32,9,110,5,13
111842957,235,4,39,3,19,448,429,82,1,4,11375,112,29,406,28,6
111842960,233,3,24,1,19,285,266,82,4,2,10451,44,16,204,7,15
111842965,4,5,4,5,48,205,157,82,4,2,10468,46,14,205,10,15
111842969,78,4,78,4,7,308,301,82,2,4,10025,24,6,107,3,10
111842973,124,5,124,5,23,276,253,82,5,2,10304,122,50,502,31,11
111842974,197,2,197,2,18,283,265,82,4,3,10472,43,18,209,12,15
111842978,259,2,259,2,16,368,352,82,2,5,10029,23,9,111,4,13
111842981,264,3,264,3,20,474,454,82,2,8,10039,32,9,110,5,13
111842982,233,3,233,3,34,485,451,82,4,1,10455,40,17,201,7,15
111842984,229,4,229,4,22,279,257,82,5,2,10306,122,50,502,31,11
111842988,259,2,259,2,54,392,338,82,3,5,11216,77,36,308,17,9
111842991,24,1,24,1,17,199,182,82,2,9,10034,34,10,112,6,13
111842994,123,7,123,7,25,632,607,82,4,3,10462,49,15,211,11,14
111842995,48,1,48,1,15,230,215,82,1,4,11374,112,29,406,28,6
111842996,4,5,4,5,24,334,310,82,3,5,11216,77,36,308,17,8
111842997,124,5,124,4,7,60,53,82,3,2,11220,68,38,310,20,10
111842998,124,5,124,5,72,431,359,82,1,6,11370,114,22,401,7,14
111842999,6,3,6,3,43,702,659,82,3,7,11206,90,34,301,14,7
111843000,264,3,264,3,17,247,230,82,4,5,10458,52,15,207,10,13
111843004,68,3,68,3,10,19,9,82,3,2,11220,72,38,307,15,7
111843007,124,5,124,5,15,568,553,82,4,4,10470,47,11,212,11,16
111843008,6,3,6,3,54,388,334,82,4,5,10463,50,11,208,10,16
111843011,218,3,218,3,17,135,118,82,2,2,10016,13,2,105,2,12
111843012,80,7,80,7,22,219,197,82,1,2,11412,113,27,412,29,5
111843013,124,5,124,5,9,515,506,82,2,9,10031,30,7,109,6,13
111843015,80,7,80,7,12,429,417,82,3,4,11233,73,41,316,17,9
111843017,4,5,4,5,23,387,364,82,1,5,11365,107,24,408,25,6
111843018,124,5,124,5,214,445,231,82,1,2,11413,113,27,412,29,5
111843022,264,3,264,3,24,157,133,82,2,4,10025,24,7,107,3,13
111843023,68,2,68,2,7,381,374,82,3,4,11212,73,41,316,23,8
111843024,68,2,68,2,30,451,421,82,3,5,11206,81,36,303,16,8
111843025,78,4,78,4,10,437,427,82,2,2,10011,10,3,104,2,10
111843026,235,6,235,6,29,254,225,82,3,4,11207,75,42,305,19,8
111843033,39,3,39,3,27,322,295,82,3,2,11220,72,38,307,15,7
111843034,68,2,68,2,35,383,348,82,1,3,11417,106,32,410,27,8
111843035,28,2,28,2,12,222,210,82,3,4,11207,75,37,305,19,7
111843036,264,3,264,3,28,298,270,82,3,5,11213,77,36,308,17,9
111843038,39,3,39,3,11,337,326,82,3,4,11236,69,46,318,18,8
111843039,78,4,78,4,9,272,263,82,2,1,10002,5,1,103,2,7
111843043,39,3,39,3,71,303,232,82,1,7,11358,111,20,411,26,6
111843045,68,2,68,2,16,240,224,82,4,1,10455,41,8,202,8,15
111843047,209,6,209,6,16,256,240,82,3,4,11207,75,42,305,19,8
111843048,4,4,4,4,19,359,340,82,3,4,11212,73,41,316,23,9
111843049,235,4,235,4,13,344,331,82,4,3,10472,43,18,209,12,15
111843050,68,2,68,2,107,345,238,82,3,5,11216,77,36,308,17,8
111843054,78,4,78,4,15,202,187,82,2,7,10035,25,8,111,4,13
111843055,264,3,264,3,0,0,0,82,3,6,11205,88,35,302,13,8
111843057,124,5,124,5,13,460,447,82,4,3,10473,43,18,209,8,15
111843058,68,2,68,2,16,254,238,82,2,5,10065,19,4,108,2,12
111843061,80,7,80,7,12,433,421,82,2,6,10026,28,9,110,3,13
111843062,124,5,124,5,40,321,281,82,1,6,11368,110,21,404,24,14
111843063,235,6,235,4,9,367,358,82,5,1,10303,121,49,501,31,11
111843064,4,5,4,5,10,592,582,82,5,2,10308,122,51,503,31,11
111843065,248,2,248,2,71,394,323,82,1,6,11102,114,22,401,30,12
111843067,235,6,235,6,8,149,141,82,3,1,11224,60,48,313,21,8
111843070,124,5,124,5,51,158,107,82,3,4,11212,73,41,316,23,9
111843071,259,2,259,2,10,306,296,82,4,4,10467,47,12,212,11,16
111843072,235,6,235,6,62,323,261,82,3,1,11235,61,48,315,22,9
111843073,124,5,124,5,8,332,324,82,2,5,10029,23,5,111,2,12
111843075,241,4,241,4,16,252,236,82,3,3,11226,70,40,314,17,9
111843076,58,4,58,4,9,289,280,82,2,2,10011,13,3,104,2,12
111843077,115,3,115,3,9,186,177,82,4,2,10456,44,16,204,9,15
111843078,24,1,24,1,37,110,73,82,3,5,11221,81,36,303,16,8
111843079,232,3,232,3,18,282,264,82,4,3,10460,43,18,209,12,15
111843081,235,6,235,6,81,466,385,82,4,2,10456,44,16,204,9,15
111843082,4,4,4,4,24,222,198,82,4,1,10451,40,8,201,7,15
111843085,78,4,78,4,56,348,292,82,3,2,11220,66,38,312,20,7
111843086,194,4,194,4,29,145,116,82,1,6,11377,108,26,402,24,14
111843088,124,5,124,5,23,389,366,82,2,1,10002,5,1,103,2,7
111843089,235,4,235,6,31,319,288,82,4,5,10458,52,11,207,10,13
111843091,68,2,68,2,24,253,229,82,2,9,10034,34,10,112,6,13
111843092,78,4,78,4,43,272,229,82,4,2,10453,46,14,205,10,15
111843093,4,5,4,5,22,136,114,82,3,4,11236,67,42,317,18,8
111843095,232,3,248,2,27,301,274,82,3,1,11224,60,47,313,21,8
111843097,194,4,194,4,9,272,263,82,2,5,10022,19,5,108,2,12
111843098,68,2,68,2,44,570,526,82,3,6,11205,88,35,302,13,8
111843099,4,5,4,5,30,771,741,82,3,3,11225,71,40,309,17,9
111843100,235,6,235,6,13,396,383,82,1,1,11691,101,31,414,27,5
111843101,241,4,241,4,12,439,427,82,4,4,10467,47,12,212,11,16
111843103,124,5,124,5,13,269,256,82,3,3,11212,67,41,317,18,9
111843104,264,3,264,3,11,318,307,82,3,5,11221,79,36,303,13,8
111843107,124,5,124,5,33,624,591,82,2,6,10013,1,1,101,2,10
111843109,76,2,168,2,43,257,214,82,5,1,10301,120,49,501,31,11
111843112,123,7,123,7,29,529,500,82,1,1,11692,101,31,414,27,5
111843113,200,4,200,4,13,216,203,82,2,9,10033,33,10,112,6,13
111843115,24,1,24,1,15,219,204,82,3,4,11236,69,46,318,18,8
111843116,48,1,48,1,27,170,143,82,1,2,11040,105,23,413,26,3
111843117,241,4,241,4,15,418,403,82,1,6,11101,114,26,401,30,12
111843118,194,4,194,4,41,212,171,82,2,6,10031,30,7,109,6,13
111843120,124,5,124,5,39,283,244,82,2,8,10039,30,9,110,6,13
111843121,235,6,68,2,28,255,227,82,2,9,10032,33,7,112,6,13
111843123,235,6,235,6,39,578,539,82,2,9,10031,30,7,109,6,13
111843124,78,4,78,4,82,506,424,82,4,1,10455,40,17,201,8,15
111843126,39,3,39,3,24,335,311,82,1,3,11414,106,32,410,27,8
111843127,229,4,229,4,64,626,562,82,4,2,10453,46,14,205,10,15
111843129,78,4,78,4,43,194,151,82,5,2,10314,121,50,502,31,11
111843130,235,6,235,6,17,373,356,82,2,2,10011,6,3,102,2,10
111843131,235,6,235,6,34,347,313,82,2,7,10035,25,8,111,4,13
111843133,229,4,229,4,9,409,400,82,1,5,11365,107,24,408,26,6
111843134,80,7,80,7,16,394,378,82,1,6,11373,110,25,404,24,6
111843136,124,5,124,5,20,263,243,82,3,4,11207,75,42,305,19,8
111843137,198,5,248,2,12,350,338,82,4,2,10458,48,15,206,10,15
111843139,124,5,124,5,38,136,98,82,2,3,10001,14,3,105,2,12
111843140,68,2,68,2,13,366,353,82,4,5,10468,52,14,207,10,13
111843141,198,5,198,5,24,94,70,82,3,4,11208,75,37,305,19,7
111843142,235,6,235,6,22,487,465,82,3,3,11226,70,40,314,17,9
111843143,232,3,232,3,18,274,256,82,4,2,10453,46,14,205,9,15
111843146,78,4,78,4,22,246,224,82,5,1,10304,120,49,501,31,11
111843147,124,5,124,5,26,549,523,82,4,3,10472,43,18,209,12,15
111843149,80,7,80,7,12,682,670,82,3,4,11236,69,46,318,18,8
111843150,124,5,124,5,21,334,313,82,2,7,10027,28,9,110,5,13
111843152,115,3,115,3,11,580,569,82,4,5,10458,52,15,207,10,13
111843153,4,5,4,5,48,765,717,82,2,7,10027,28,9,110,3,13
111843155,68,2,68,2,44,347,303,82,1,6,11106,114,26,401,30,12
111843158,194,4,194,4,10,530,520,82,3,4,11208,75,42,305,19,8
111843160,68,2,68,2,13,561,548,82,4,2,10452,44,16,204,9,15
111843167,6,3,6,3,68,772,704,82,4,2,10452,44,16,204,9,15
111843170,235,6,235,6,206,781,575,82,3,4,11212,73,41,316,23,9
111843171,78,4,78,4,105,1053,948,82,1,1,11691,101,31,414,27,5
111843173,235,6,235,6,28,713,685,82,4,2,10453,46,16,205,9,13
111843174,78,4,78,4,15,446,431,82,1,4,11374,112,29,406,28,6
111843175,78,4,78,4,11,461,450,82,2,2,10014,6,3,102,2,10
111843177,124,5,124,5,93,300,207,82,2,9,10033,33,10,112,6,13
111843178,68,2,68,2,34,431,397,82,1,2,11434,113,27,412,29,5
111843179,28,2,28,2,19,269,250,82,4,1,10454,40,8,201,7,15
111843180,235,6,235,6,32,567,535,82,5,1,10301,120,49,501,31,11
111843181,235,6,235,6,26,552,526,82,3,4,11236,69,46,318,18,8
111843182,78,4,78,4,19,387,368,82,5,2,10308,122,51,503,31,11
111843184,122,3,122,3,56,289,233,82,1,2,11422,105,31,413,29,5
111843185,259,2,259,2,28,434,406,82,3,4,11236,69,46,318,18,8
111843187,80,7,80,7,64,429,365,82,1,6,11373,110,25,404,24,6
111843189,235,6,235,6,47,1130,1083,82,2,8,10030,32,9,110,5,13
111843191,124,5,124,5,19,357,338,82,1,4,11385,104,34,405,24,7
111843192,235,4,235,4,41,428,387,82,2,5,10029,23,8,111,4,13
111843193,78,4,78,4,54,513,459,82,2,2,10011,10,3,104,2,10
111843195,78,4,78,4,0,0,0,82,3,3,11203,71,41,309,18,9
111843196,124,5,124,5,10,435,425,82,4,2,10453,46,16,205,10,13
111843198,235,6,235,6,15,476,461,82,4,2,10460,48,17,206,12,15
111843199,194,4,194,4,150,405,255,82,1,2,11434,113,31,413,29,5
111843200,18,2,18,2,12,477,465,82,4,3,10461,45,13,210,8,14
111843201,124,5,124,5,110,781,671,82,3,3,11203,67,41,317,18,9
111843202,235,6,259,2,86,438,352,82,1,2,11429,105,27,413,29,5
111843204,80,7,80,7,0,0,0,82,2,4,10025,24,6,107,3,10
111843205,235,6,235,6,108,606,498,82,3,4,11233,73,41,316,16,8
111843207,39,3,68,2,24,892,868,82,3,3,11212,67,41,317,18,9
111843208,59,2,59,2,42,488,446,82,3,7,11221,81,41,303,16,8
111843209,124,5,78,4,26,675,649,82,1,4,11374,112,29,406,28,6
111843211,122,3,122,3,36,315,279,82,1,1,11691,101,31,414,27,5
111843213,123,7,123,7,23,478,455,82,3,5,11216,79,36,303,13,8
111843218,78,4,78,4,57,670,613,82,2,7,10035,25,8,111,4,12
111843219,39,3,39,3,43,345,302,82,2,4,10025,24,7,107,3,10
111843221,68,2,68,2,60,185,125,82,4,1,10455,41,8,202,8,15
111843222,6,3,6,3,16,214,198,82,1,2,11413,113,27,412,29,5
111843223,39,3,39,3,14,269,255,82,2,8,10039,32,9,110,5,13
111843224,68,2,68,2,141,637,496,82,4,5,10458,52,11,207,10,13
111843225,39,3,39,3,61,623,562,82,1,2,11434,113,28,412,27,5
111843226,68,2,68,2,23,313,290,82,3,5,11216,79,36,303,13,8
111843227,124,5,124,5,77,235,158,82,4,3,10473,43,18,209,8,15
111843229,235,6,235,6,12,416,404,82,3,1,11214,62,47,311,20,11
111843231,78,4,78,4,12,199,187,82,3,1,11229,61,48,315,21,9
111843232,218,3,218,3,39,178,139,82,4,2,10456,44,16,204,9,15
111843234,59,2,59,2,30,256,226,82,3,4,11234,63,45,318,22,8
111843236,235,6,235,6,10,533,523,82,2,2,10011,10,3,104,2,10
111843241,4,5,4,5,39,542,503,82,1,6,11105,114,22,401,30,14
111843244,124,5,124,5,21,511,490,82,5,1,10304,120,49,501,31,11
111843246,18,2,18,2,9,219,210,82,2,2,10003,9,2,103,1,12
111843248,235,4,235,4,28,602,574,82,1,6,11101,108,26,402,30,12
111843250,235,4,235,4,13,184,171,82,3,2,11209,68,43,310,20,11
111843252,259,2,259,2,57,274,217,82,2,2,10016,13,2,105,2,12
111843253,259,2,259,2,23,237,214,82,2,1,10038,1,1,101,2,10
111843254,264,3,264,3,88,299,211,82,4,1,10451,40,17,201,7,15
111843260,124,4,124,4,41,445,404,82,4,3,10461,45,13,210,8,14
111843262,124,5,124,5,12,110,98,82,3,4,11236,69,42,318,18,8
111843264,209,6,80,7,8,628,620,82,3,3,11213,77,35,308,17,9
111843272,124,5,124,5,22,537,515,82,2,3,10002,7,1,103,2,7
111843273,235,6,235,6,84,792,708,82,2,7,10030,32,9,110,5,13
111843274,235,6,235,6,29,756,727,82,3,3,11226,67,40,317,17,9
111843275,4,5,4,5,49,615,566,82,3,3,11226,67,40,317,17,9
111843284,259,2,259,2,21,421,400,82,1,7,11362,111,19,411,26,3
111843285,68,2,68,2,17,509,492,82,3,4,11236,69,46,318,18,8
111843288,80,7,80,7,12,400,388,82,4,2,10452,44,16,204,9,15
111843290,39,3,39,3,9,116,107,82,5,2,10314,121,49,502,31,11
111843291,80,7,80,7,32,901,869,82,3,2,11226,70,40,314,22,9
111843297,18,2,18,2,12,248,236,82,3,1,11229,61,48,315,21,11
111843298,68,2,68,2,15,729,714,82,4,1,10454,40,17,201,7,15
111843300,39,3,39,3,18,314,296,82,3,1,11230,66,44,312,21,10
111843304,68,2,68,2,30,319,289,82,2,7,10029,25,8,111,4,13
111843305,122,3,122,3,26,336,310,82,1,7,11361,111,19,411,26,6
111843307,78,4,78,4,36,1776,1740,82,3,7,11221,83,37,304,32,8
111843308,68,2,68,2,40,384,344,82,4,4,10466,47,12,212,11,16
111843309,229,4,229,4,25,372,347,82,3,1,11214,62,43,311,20,11
111843312,235,6,235,6,35,147,112,82,4,2,10452,44,14,204,9,15
111843316,264,3,6,3,52,350,298,82,4,5,10458,46,15,205,10,15
111843318,198,5,198,5,19,253,234,82,4,2,10452,44,16,204,9,15
111843320,124,5,124,5,41,311,270,82,2,8,10037,32,9,110,5,13
111843322,78,4,78,4,8,199,191,82,3,1,11224,60,47,313,21,8
111843323,78,4,78,4,65,421,356,82,2,6,10031,30,7,109,6,13
111843325,124,5,124,5,23,480,457,82,3,7,11221,81,41,303,16,8
111843326,124,5,124,5,31,461,430,82,1,6,11104,108,26,402,24,14
111843327,248,2,248,2,29,554,525,82,4,4,10467,47,12,212,11,16
111843328,124,5,124,5,26,630,604,82,1,2,11432,103,27,412,29,5
111843329,124,5,124,5,38,812,774,82,3,3,11203,67,41,317,18,9
111843331,124,5,6,3,11,440,429,82,4,3,10462,49,13,211,11,14
111843333,78,4,78,4,64,317,253,82,1,4,11385,104,30,405,24,6
111843336,68,2,68,2,13,410,397,82,3,1,11229,61,48,315,21,11
111843338,68,2,68,2,25,308,283,82,1,4,11374,112,29,406,28,6
111843339,4,5,4,5,77,806,729,82,4,2,10457,44,16,204,9,15
111843341,235,6,235,6,43,1199,1156,82,3,7,11249,90,33,301,14,7
111843343,24,1,24,1,15,501,486,82,3,7,11249,94,33,301,14,12
111843345,124,4,124,4,20,351,331,82,4,2,10453,46,14,205,9,15
111843347,124,5,124,5,16,458,442,82,3,1,11224,60,48,313,21,8
111843351,235,6,235,6,0,0,0,82,4,1,10459,41,17,202,8,15
111843352,235,6,235,6,12,635,623,82,1,7,11356,109,19,407,25,14
111843353,200,4,200,4,26,382,356,82,3,4,11208,75,37,305,19,7
111843356,39,3,39,3,45,184,139,82,3,7,11211,90,34,301,14,12
111843357,6,3,6,3,19,230,211,82,1,5,11366,107,23,408,26,6
111843358,124,5,124,5,37,411,374,82,2,5,10029,23,8,111,4,13
111843359,18,2,18,2,12,519,507,82,3,4,11208,75,42,305,19,8
111843360,4,5,4,5,16,361,345,82,3,5,11216,79,36,303,13,8
111843363,124,5,124,5,12,80,68,82,2,3,10017,14,4,105,2,12
111843364,39,3,39,3,26,371,345,82,3,6,11217,78,33,306,13,7
111843365,259,2,259,2,20,260,240,82,2,3,10019,18,3,104,2,12
111843366,124,5,124,5,72,292,220,82,4,2,10457,48,15,206,9,15
111843368,248,3,248,3,14,304,290,82,3,4,11212,73,41,316,23,9
111843370,68,2,68,2,44,197,153,82,2,2,10016,13,4,106,2,12
111843371,68,2,68,2,27,235,208,82,4,3,10473,43,18,209,8,15
111843372,80,7,80,7,21,413,392,82,2,2,10012,9,1,102,2,12
111843375,259,2,259,2,26,524,498,82,1,7,11361,111,19,411,26,6
111843376,197,2,197,2,9,125,116,82,3,4,11212,73,41,316,23,9
111843377,235,6,235,6,34,189,155,82,3,7,11211,90,34,301,14,7
111843380,124,5,124,5,51,1000,949,82,4,1,10454,40,8,201,7,15
111843381,124,5,124,5,89,846,757,82,4,1,10455,40,17,201,7,15
111843382,80,7,80,7,73,349,276,82,4,1,10455,40,17,201,7,15
111843383,4,5,4,5,29,682,653,82,3,1,11235,61,48,315,22,8
111843384,80,7,80,7,11,851,840,82,2,3,10036,14,4,105,2,12
111843385,264,3,68,2,17,296,279,82,2,9,10032,30,7,109,6,13
111843391,124,5,124,5,48,369,321,82,1,3,11419,102,28,409,28,5
111843392,68,2,68,2,22,326,304,82,4,1,10455,41,8,202,8,15
111843397,259,2,259,2,13,444,431,82,3,2,11209,68,43,310,20,11
111843400,68,2,68,2,12,210,198,82,4,3,10461,45,13,210,8,14
111843403,259,2,259,2,54,194,140,82,4,1,10455,41,17,202,8,15
111843405,68,2,68,2,30,269,239,82,2,3,10036,18,3,104,2,10
111843406,235,6,235,6,10,611,601,82,2,7,10035,25,8,111,4,12
111843408,78,4,78,4,29,459,430,82,1,6,11105,114,22,401,30,14
111843409,68,2,68,2,72,374,302,82,1,1,11692,100,31,414,27,5
111843410,235,6,235,6,25,473,448,82,2,7,10027,28,9,110,5,13
111843414,4,4,4,5,52,934,882,82,1,1,11691,101,31,414,27,5
111843415,124,5,124,5,12,271,259,82,4,3,10473,43,18,209,8,15
111843416,235,6,235,6,7,124,117,82,3,2,11232,72,38,307,15,7
111843417,39,3,39,3,11,216,205,82,4,1,10456,40,17,201,7,15
111843418,264,3,6,3,30,205,175,82,2,9,10040,34,10,112,6,13
111843419,229,4,229,4,79,308,229,82,2,4,10023,20,6,107,3,10
111843422,257,2,257,2,22,248,226,82,1,6,11368,110,21,407,25,14
111843423,235,6,235,6,11,179,168,82,4,1,10456,42,16,203,9,15
111843425,235,4,235,4,95,248,153,82,2,4,10025,24,6,107,3,10
111843426,235,6,235,6,62,410,348,82,1,2,11693,100,32,414,27,5
111843428,39,3,68,2,37,534,497,82,2,3,10036,14,3,105,2,12
111843429,124,4,124,4,12,313,301,82,4,2,10456,44,16,204,9,15
111843430,124,5,124,5,32,208,176,82,4,3,10472,43,18,209,12,15
111843431,78,4,78,4,56,1323,1267,82,1,3,11415,102,29,409,27,6
111843432,235,6,235,6,15,547,532,82,4,1,10474,41,17,202,8,15
111843433,257,2,257,2,58,352,294,82,2,6,10027,26,9,109,5,13
111843436,124,5,124,5,12,260,248,82,4,4,10469,49,13,211,11,14
111843438,59,2,59,2,14,269,255,82,3,7,11237,83,37,304,32,7
111843439,124,5,124,5,41,314,273,82,2,9,10032,33,7,112,6,13
111843440,78,4,78,4,11,409,398,82,4,5,10467,52,11,207,10,13
111843444,235,6,235,6,46,953,907,82,1,3,11420,106,32,410,27,5
111843445,235,6,235,6,18,508,490,82,4,2,10453,46,14,205,9,15
111843447,124,5,124,5,45,258,213,82,4,4,10469,49,13,211,11,14
111843449,264,3,264,3,9,342,333,82,2,1,10038,1,1,101,2,10
111843451,28,2,28,2,46,305,259,82,1,1,11692,101,31,414,27,5
111843453,235,6,235,6,15,476,461,82,4,1,10459,41,17,202,8,15
111843454,241,4,241,4,19,309,290,82,4,5,10467,52,11,207,10,13
111843455,259,2,259,2,25,278,253,82,3,6,11201,84,33,302,13,7
111843456,78,4,78,4,24,511,487,82,3,7,11211,90,34,301,14,7
111843457,37,3,37,3,13,136,123,82,3,6,11231,76,38,306,15,7
111843458,259,2,259,2,34,655,621,82,3,2,11204,62,38,311,20,10
111843459,28,2,28,2,21,165,144,82,4,2,10457,46,15,205,10,15
111843463,124,5,124,5,52,433,381,82,1,7,11358,111,19,411,25,6
111843465,28,2,28,2,15,265,250,82,3,4,11207,75,42,305,19,8
111843467,78,4,78,4,93,524,431,82,2,1,10004,1,1,101,2,10
111843468,218,3,218,3,22,228,206,82,3,3,11203,67,41,317,18,9
111843471,232,3,232,3,24,427,403,82,1,3,11418,102,32,409,27,7
111843472,39,3,39,3,23,306,283,82,2,5,10065,19,4,108,2,12
111843473,4,5,4,5,27,544,517,82,3,2,11230,70,44,314,21,9
111843474,246,3,246,3,26,397,371,82,1,3,11420,106,28,410,27,5
111843477,39,3,68,2,8,417,409,82,2,1,10012,1,1,102,2,10
111843478,80,7,80,7,44,447,403,82,2,5,10028,19,5,108,2,12
111843480,235,6,235,6,57,420,363,82,3,7,11206,83,34,304,32,7
111843482,235,6,235,6,21,578,557,82,5,1,10303,121,49,501,31,11
111843484,28,2,28,2,81,435,354,82,1,6,11368,110,21,404,24,14
111843485,115,3,115,3,29,335,306,82,1,7,11355,109,20,407,25,6
111843486,39,3,39,3,35,539,504,82,1,2,11432,103,27,412,29,5
111843489,68,2,68,2,62,613,551,82,1,3,11416,102,28,409,27,5
111843490,24,1,24,1,24,457,433,82,4,3,10462,49,13,211,11,14
111843491,80,7,80,7,49,500,451,82,4,3,10461,49,13,211,11,14
111843492,4,5,4,5,40,668,628,82,2,9,10032,30,7,109,6,13
111843494,78,4,78,4,16,141,125,82,3,6,11215,78,39,306,15,7
111843497,4,5,4,5,17,325,308,82,4,5,10468,52,14,207,10,13
111843498,124,5,124,5,31,374,343,82,3,7,11233,73,41,316,23,8
111843499,235,6,235,6,46,251,205,82,2,2,10001,10,3,105,2,12
111843500,68,2,68,2,53,371,318,82,2,7,10029,23,8,111,4,13
111843501,68,2,68,2,27,446,419,82,4,5,10458,52,11,207,10,13
111843502,232,3,248,2,110,491,381,82,3,7,11221,81,36,303,16,8
111843504,235,6,235,6,10,408,398,82,3,4,11208,75,37,305,19,7
111843505,124,4,124,4,51,652,601,82,3,2,11230,66,44,312,21,10
111843507,235,6,235,6,30,445,415,82,4,1,10459,41,17,202,8,15
111843508,124,4,124,4,52,430,378,82,4,2,10453,46,16,205,9,13
111843511,123,7,123,7,21,484,463,82,3,6,11205,79,35,303,13,8
111843513,197,2,197,2,39,295,256,82,4,3,10472,43,18,209,12,15
111843514,68,2,68,2,22,367,345,82,4,1,10456,42,16,203,9,15
111843515,198,5,198,5,16,945,929,82,4,1,10456,42,16,203,8,15
111843516,198,5,198,5,19,97,78,82,5,1,10303,121,49,501,31,11
111843517,209,6,209,6,11,267,256,82,2,2,10003,13,2,106,2,12
111843520,229,4,229,4,18,418,400,82,3,5,11213,77,36,308,17,9
111843522,264,3,264,3,98,681,583,82,1,1,11694,100,32,414,27,5
111843523,264,3,264,3,20,156,136,82,3,4,11236,67,42,317,18,8
111843526,124,5,124,5,41,238,197,82,3,5,11213,77,36,308,17,9
111843528,235,6,235,6,13,380,367,82,2,9,10031,30,7,109,6,13
111843529,68,2,68,2,17,594,577,93,4,3,10473,43,18,209,8,15
111843530,68,2,68,2,13,210,197,82,5,3,10309,123,51,503,31,11
111843532,235,6,39,3,20,505,485,82,4,4,10467,47,12,212,11,16
111843535,39,3,39,3,29,200,171,82,3,4,11208,75,37,305,19,7
111843536,28,2,28,2,23,142,119,82,2,2,10016,13,2,106,2,12
111843537,6,3,6,3,52,624,572,82,1,2,11427,105,23,413,29,5
111843538,6,3,6,3,20,133,113,82,4,4,10466,47,12,212,11,16
111843541,229,4,229,4,27,133,106,82,4,3,10462,49,15,211,11,14
111843544,241,4,241,4,9,182,173,82,4,2,10453,46,14,205,9,15
111843546,59,2,59,2,41,250,209,82,3,4,11233,73,41,316,23,8
111843547,80,7,80,7,12,1076,1064,82,2,8,10037,32,9,110,5,13
111843549,264,3,264,3,35,401,366,82,4,1,10455,40,8,201,7,15
111843552,4,4,4,4,13,525,512,82,2,4,10025,24,6,107,3,10
111843553,232,3,232,3,56,235,179,82,3,6,11201,88,35,302,13,8
111843555,115,3,115,3,17,293,276,82,1,6,11372,115,25,403,30,14
111843559,259,2,259,2,14,257,243,82,3,4,11236,69,46,318,18,8
111843560,80,7,80,7,29,457,428,82,4,4,10466,47,11,212,11,16
111843561,235,6,235,6,54,418,364,82,2,3,10001,14,3,105,2,12
111843562,39,3,39,3,31,475,444,82,3,4,11208,75,37,305,19,7
111843563,198,5,198,5,12,586,574,82,5,1,10303,121,49,501,31,11
111843565,4,5,4,5,21,436,415,82,2,3,10019,18,4,105,2,12
111843567,68,2,68,2,23,745,722,82,1,6,11103,114,26,401,30,14
111843569,229,4,229,4,21,742,721,82,1,4,11385,104,30,405,24,7
111843571,78,4,78,4,24,199,175,82,4,2,10457,46,15,205,9,15
111843573,78,4,78,4,42,643,601,82,2,6,10031,30,7,109,6,13
111843574,68,2,68,2,21,260,239,82,2,4,10023,20,6,107,3,10
111843576,124,5,124,5,47,482,435,82,1,2,11434,113,28,412,28,5
111843579,235,6,235,6,25,531,506,82,4,4,10467,49,15,211,11,14
111843581,124,5,124,5,46,365,319,82,1,7,11354,109,20,407,25,6
111843584,235,6,24,1,24,729,705,82,1,6,11103,114,26,401,30,14
111843586,4,5,4,5,16,606,590,82,5,3,10312,123,51,503,31,11
111843588,28,2,28,2,11,154,143,82,3,7,11237,83,34,304,32,7
111843590,68,2,68,2,28,437,409,82,4,3,10472,43,18,209,12,15
111843591,124,5,124,5,23,128,105,82,3,3,11203,67,45,317,18,9
111843592,232,3,232,3,11,166,155,82,3,5,11221,81,36,303,16,8
111843594,259,2,78,4,39,447,408,82,2,3,10036,18,4,105,2,12
111843596,235,6,235,6,26,579,553,82,4,1,10474,41,17,202,8,15
111843597,68,2,68,2,65,392,327,82,2,6,10031,30,7,109,5,13
111850006,68,2,68,2,62,327,265,82,4,3,10475,45,12,210,11,16
111850009,241,4,241,4,16,497,481,82,4,4,10467,47,12,212,11,16
111850010,78,4,78,4,140,575,435,82,1,6,11368,110,21,404,24,14
111850011,68,2,68,2,47,391,344,82,4,1,10459,41,17,202,8,15
111850015,78,4,78,4,26,371,345,82,4,1,10455,40,17,201,7,15
111850016,68,2,68,2,11,191,180,82,3,1,11214,60,47,313,21,11
111850020,194,4,194,4,23,318,295,82,3,4,11208,75,42,305,19,8
111850021,39,3,39,3,24,565,541,82,4,3,10453,46,14,205,10,15
111850022,28,2,28,2,18,365,347,82,1,4,11375,112,29,406,28,6
111850027,28,2,28,2,19,326,307,82,2,9,10032,33,7,112,6,13
111850028,68,2,68,2,19,209,190,82,3,4,11236,67,42,317,18,8
111850029,124,5,124,5,42,357,315,82,2,7,10026,28,6,110,3,13
111850033,124,5,124,5,21,430,409,82,2,3,10016,17,2,106,2,12
111850034,124,5,124,5,49,396,347,82,4,3,10472,43,18,209,8,15
111850043,229,4,229,4,44,810,766,82,3,2,11218,70,40,314,22,9
111850044,198,5,198,5,20,534,514,82,4,3,10472,43,18,209,12,15
111850046,78,4,78,4,39,129,90,82,2,2,10003,13,2,106,2,12
111850047,235,6,235,6,24,215,191,82,3,7,11211,90,34,301,14,12
111850048,194,4,194,4,12,413,401,82,3,4,11234,63,46,318,22,8
111850049,264,3,264,3,54,277,223,82,3,2,11230,70,40,314,22,9
111850050,194,4,194,4,12,33,21,82,3,1,11214,60,47,313,21,11
111850052,68,2,68,2,7,461,454,82,1,4,11379,104,30,405,24,6
111850053,4,5,4,5,21,553,532,82,2,1,10004,1,1,101,2,10
111850056,78,4,78,4,14,318,304,82,2,9,10032,30,7,109,6,13
111850057,4,5,4,5,96,401,305,82,2,4,10025,24,7,107,3,13
111850061,124,5,124,5,27,368,341,82,5,2,10314,121,50,502,31,11
111850062,200,4,200,4,54,394,340,82,3,4,11208,75,37,305,19,7
111850063,68,2,68,2,18,449,431,82,2,8,10039,32,9,110,5,13
111850064,229,4,229,4,9,190,181,82,4,1,10451,40,17,201,7,15
111850065,235,6,235,6,40,629,589,82,4,4,10469,49,12,211,11,16
111850068,235,6,235,6,12,259,247,82,2,7,10029,23,8,111,4,13
111850069,98,3,98,3,32,346,314,82,3,3,11225,71,40,309,17,9
111850070,37,3,37,3,11,187,176,82,4,1,10454,40,8,201,7,15
111850072,259,2,259,2,10,169,159,82,3,1,11235,60,48,313,21,8
111850073,124,5,124,5,15,462,447,82,2,9,10032,33,10,112,6,13
111850074,235,4,235,4,11,372,361,82,3,4,11212,73,37,316,23,8
111850075,4,5,4,5,20,211,191,82,4,4,10467,49,13,211,11,14
111850076,235,6,235,6,10,145,135,82,3,4,11224,60,48,313,21,8
111850078,229,4,229,4,23,299,276,82,3,7,11221,83,37,304,32,7
111850080,194,4,257,2,13,1101,1088,82,3,4,11210,63,45,318,22,9
111850081,39,3,39,3,14,300,286,82,4,2,10457,48,15,206,9,15
111850085,18,2,18,2,29,434,405,82,5,1,10304,120,49,501,31,11
111850086,80,7,80,7,32,425,393,82,3,5,11216,79,36,303,13,8
111850089,235,6,241,4,49,616,567,82,2,1,10002,7,2,103,1,7
111850090,235,6,235,6,23,141,118,82,3,3,11226,70,40,314,22,9
111850093,78,4,78,4,52,397,345,82,4,3,10472,43,18,209,12,15
111850098,235,4,235,4,17,174,157,82,2,5,10021,19,4,108,2,12
111850101,235,6,235,6,9,434,425,82,4,2,10452,44,8,204,9,15
111850102,59,2,59,2,15,260,245,82,2,8,10027,32,9,110,5,13
111850109,68,2,68,2,13,318,305,82,1,5,11432,107,24,408,29,6
111850112,194,4,194,4,12,603,591,82,4,3,10473,43,18,209,8,15
111850114,124,5,124,5,76,595,519,82,3,4,11208,75,37,305,19,8
111850116,264,3,264,3,47,132,85,82,1,2,11432,103,24,412,28,5
111850117,200,4,200,4,26,584,558,82,4,1,10451,42,17,203,7,15
111850118,78,4,78,4,32,675,643,82,2,1,10004,1,1,101,2,10
111850119,80,7,80,7,0,0,0,82,3,7,11206,79,36,303,14,7
111850122,80,7,80,7,19,263,244,82,4,2,10457,48,15,206,10,15
111850123,68,2,68,2,15,417,402,82,3,5,11213,77,35,308,17,9
111850124,248,2,248,2,11,231,220,82,4,3,10472,43,18,209,8,15
111850125,229,4,39,3,32,641,609,82,1,2,11429,105,27,413,29,5
111850128,259,2,259,2,17,282,265,82,2,1,10002,5,1,103,2,7
111850130,68,2,68,2,10,333,323,82,1,2,11412,113,27,412,29,5
111850132,241,4,241,4,25,324,299,82,4,4,10469,49,12,211,11,16
111850134,68,2,68,2,10,312,302,82,3,4,11208,75,42,305,19,8
111850137,68,2,68,2,13,221,208,82,2,7,10029,23,8,111,4,13
111850139,194,4,194,4,38,232,194,82,4,4,10467,47,12,212,11,16
111850140,39,3,39,3,14,602,588,82,3,5,11221,79,36,303,16,8
111850141,235,6,235,6,24,253,229,82,2,3,10019,18,4,105,2,12
111850147,235,6,235,6,13,327,314,82,3,2,11219,68,38,310,20,10
111850149,68,2,68,2,22,459,437,82,4,3,10472,43,18,209,12,15
111850151,248,2,248,2,30,394,364,82,2,7,10029,23,8,111,4,13
111850153,68,2,68,2,14,499,485,82,3,3,11225,71,35,309,17,9
111850155,235,4,235,4,23,262,239,82,2,3,10036,14,4,105,2,12
111850156,235,6,235,6,29,554,525,82,2,2,10009,9,2,103,1,7
111850157,235,6,68,2,9,307,298,82,4,2,10457,48,15,206,10,15
111850159,80,7,80,7,82,440,358,82,4,3,10461,45,13,210,11,14
111850163,78,4,78,4,27,336,309,82,4,5,10463,50,14,208,10,13
111850164,124,5,124,5,52,322,270,82,3,4,11212,73,42,316,23,8
111850166,259,2,259,2,15,204,189,82,1,6,11372,115,21,403,24,14
111850168,80,7,80,7,12,312,300,82,3,1,11224,60,47,313,21,8
111850169,124,5,124,5,66,258,192,82,4,2,10457,46,15,205,9,15
111850170,209,6,209,6,76,316,240,82,4,1,10459,41,17,202,8,15
111850171,235,6,235,6,26,307,281,82,2,7,10035,25,9,111,4,13
111850173,235,4,235,4,21,806,785,82,4,3,10461,45,13,210,8,14
111850174,235,6,235,6,158,550,392,82,3,4,11212,73,42,316,23,8
111850175,124,5,124,5,168,870,702,82,3,2,11218,66,39,312,20,10
111850176,59,2,59,2,25,312,287,82,2,5,10029,23,8,111,4,13
111850177,259,2,259,2,23,248,225,93,4,1,10451,40,17,201,7,15
111850178,241,4,241,4,8,742,734,82,1,2,11429,105,27,413,29,5
111850179,78,4,78,4,18,266,248,82,2,4,10023,20,6,107,3,10
111850180,235,6,235,6,20,262,242,82,3,7,11207,83,37,304,23,8
111850181,259,2,259,2,36,315,279,82,4,2,10453,46,14,205,9,15
111850182,259,2,259,2,56,553,497,82,4,2,10452,44,14,204,9,15
111850184,80,7,80,7,16,705,689,82,2,5,10021,19,4,108,2,12
111850185,235,6,235,6,21,344,323,82,2,3,10022,18,4,105,2,12
111850186,235,4,235,4,54,533,479,82,4,2,10452,44,8,204,9,15
111850188,115,3,122,3,31,476,445,82,1,2,11412,113,27,412,29,5
111850190,235,6,235,6,15,297,282,82,3,7,11207,83,37,304,32,8
111850196,264,3,39,3,49,378,329,82,3,6,11217,84,33,302,13,7
111850198,194,4,194,4,44,471,427,82,3,4,11207,75,37,305,19,8
111850200,229,4,229,4,34,503,469,82,3,4,11236,69,46,318,18,8
111850201,235,4,235,4,18,298,280,82,2,9,10032,33,7,112,6,13
111850204,259,2,259,2,20,286,266,82,1,6,11372,115,25,403,30,14
111850205,259,2,259,2,17,722,705,82,1,6,11101,108,26,402,30,12
111850206,209,6,123,7,69,642,573,82,4,3,10473,43,18,209,8,15
111850207,264,3,248,2,15,223,208,82,3,2,11230,70,45,314,22,9
111850210,209,6,78,4,43,307,264,82,1,6,11368,115,21,403,24,14
111850211,235,6,235,6,22,317,295,82,1,6,11373,110,25,404,24,6
111850212,200,4,200,4,17,323,306,82,4,5,10468,52,14,207,10,13
111850213,68,2,68,2,11,216,205,82,3,1,11229,61,48,315,21,11
111850214,235,6,235,6,94,435,341,82,4,5,10453,52,14,207,10,13
111850215,235,6,235,6,29,584,555,82,3,4,11208,75,37,305,19,7
111850217,232,3,232,3,32,323,291,82,1,4,11375,112,29,406,28,6
111850218,124,5,124,5,29,1429,1400,82,1,3,11417,106,32,410,27,8
111850220,235,6,235,6,36,368,332,82,4,1,10456,42,16,203,9,15
111850221,4,5,4,5,22,637,615,82,4,2,10457,44,15,204,9,15
111850222,235,6,235,6,18,270,252,82,4,3,10462,49,15,211,11,14
111850224,68,2,68,2,14,382,368,82,1,6,11370,114,22,401,30,14
111850225,235,4,235,4,11,388,377,82,3,2,11220,66,38,312,15,7
111850227,241,4,241,4,98,618,520,82,1,4,11385,104,30,405,24,7
111850229,4,5,4,5,22,171,149,82,4,3,10461,45,13,210,11,14
111850230,39,3,39,3,17,368,351,82,2,7,10035,25,9,111,4,13
111850232,124,5,124,5,17,577,560,82,1,6,11693,100,32,414,27,5
111850233,78,4,78,4,30,501,471,82,4,1,10456,42,16,203,9,15
111850234,198,5,198,5,54,362,308,82,3,1,11214,60,47,313,21,11
111850235,78,4,78,4,22,374,352,82,3,5,11213,77,35,308,17,9
111850237,39,3,39,3,14,828,814,82,1,6,11373,110,25,404,24,6
111850239,28,2,28,2,41,359,318,82,4,4,10466,47,12,212,11,16
111850243,68,2,68,2,42,523,481,82,3,5,11221,81,36,303,16,8
111850246,78,4,78,4,43,335,292,82,3,6,11249,90,33,301,14,7
111850247,189,5,189,5,64,682,618,82,1,6,11370,115,22,403,30,14
111850249,80,7,6,3,7,258,251,82,1,1,11691,101,31,414,27,5
111850250,235,6,235,6,27,187,160,82,1,3,11416,102,28,409,27,5
111850252,115,3,115,3,12,329,317,82,1,7,11357,109,19,407,25,3
111850253,264,3,124,4,29,660,631,82,3,2,11219,62,38,311,20,10
111850254,259,2,259,2,26,343,317,82,2,9,10034,34,10,112,6,13
111850255,194,4,194,4,46,366,320,82,3,4,11234,63,45,318,22,8
111850256,209,6,209,6,17,427,410,82,4,3,10454,40,8,201,7,15
111850260,233,3,233,3,54,462,408,82,1,6,11102,114,22,401,30,12
111850262,78,4,78,4,54,628,574,82,4,1,10459,42,17,203,12,15
111850264,124,4,124,4,21,341,320,82,3,6,11201,84,35,302,13,8
111850266,78,4,78,4,17,288,271,82,3,4,11207,75,37,305,19,7
111850268,259,2,259,2,35,84,49,82,3,1,11223,60,47,313,21,11
111850269,69,2,69,2,56,326,270,82,3,1,11224,60,48,313,21,8
111850273,39,3,39,3,24,532,508,82,4,1,10457,42,17,203,9,15
111850276,39,3,39,3,76,248,172,82,1,6,11372,115,25,403,30,14
111850277,78,4,78,4,36,368,332,82,5,1,10301,120,49,501,31,11
111850278,124,5,124,5,28,355,327,82,1,2,11434,113,28,412,27,5
111850279,241,4,241,4,24,276,252,82,4,2,10468,46,14,205,10,15
111850280,229,4,229,4,31,302,271,82,1,6,11368,110,21,404,24,14
111850283,68,2,68,2,12,248,236,82,4,4,10466,47,12,212,11,16
111850284,78,4,78,4,18,338,320,82,4,2,10451,44,16,204,7,15
111850286,28,2,28,2,57,472,415,82,5,1,10301,120,49,501,31,11
111850290,78,4,78,4,18,727,709,82,3,4,11208,75,37,305,19,7
111850292,115,3,115,3,14,413,399,82,3,1,11204,62,47,311,20,10
111850293,80,7,80,7,66,422,356,82,4,2,10453,46,14,205,10,15
111850294,229,4,229,4,8,564,556,82,1,1,11691,101,31,414,27,5
111850296,259,2,259,2,24,568,544,82,4,5,10463,50,11,208,10,16
111850299,241,4,241,4,14,736,722,82,1,5,11367,107,24,408,25,6
111850301,241,4,241,4,54,537,483,82,3,5,11206,79,36,303,16,8
111850303,4,5,4,5,12,201,189,82,1,2,11427,105,23,413,29,5
111850304,80,7,80,7,58,614,556,82,3,6,11231,76,38,306,15,7
111850306,68,2,68,2,50,299,249,82,4,3,10462,49,13,211,11,14
111850307,232,3,232,3,43,372,329,82,1,6,11368,110,21,404,24,14
111850308,68,2,68,2,13,316,303,82,3,2,11230,70,40,314,22,9
111850310,197,2,197,2,73,582,509,82,2,8,10037,32,9,110,5,13
111850311,246,3,246,3,88,420,332,82,2,9,10040,34,10,112,6,13
111850313,68,2,68,2,51,370,319,82,4,1,10459,41,17,202,12,15
111850318,124,4,124,4,10,415,405,82,1,7,11356,109,19,407,25,14
111850319,28,2,28,2,33,199,166,82,3,4,11236,69,46,318,18,8
111850320,124,5,124,5,34,622,588,82,1,3,11417,106,32,410,27,8
111850321,115,3,115,3,22,410,388,82,2,3,10001,14,3,105,2,12
111850322,39,3,39,3,13,282,269,82,2,2,10009,9,2,103,1,7
111850323,78,4,78,4,12,178,166,82,2,1,10013,5,1,101,2,10
111850325,128,2,128,2,19,278,259,82,1,2,11428,105,23,413,29,5
111850326,68,2,68,2,13,229,216,82,2,8,10030,30,9,109,5,13
111850327,68,2,68,2,23,296,273,82,2,9,10033,33,10,112,6,13
111850328,68,2,68,2,34,481,447,82,4,2,10453,46,14,205,10,15
111850330,124,5,124,5,10,435,425,82,2,1,10007,1,1,101,2,10
111850331,39,3,39,3,13,613,600,82,3,2,11230,70,40,314,22,9
111850333,246,3,246,3,14,477,463,82,1,2,11432,103,27,412,28,5
111850334,197,2,197,2,10,574,564,82,1,2,11429,113,27,412,29,5
111850336,235,6,235,6,23,395,372,82,2,3,10018,14,4,105,2,12
111850337,235,4,235,4,13,417,404,82,2,4,10025,24,6,107,3,10
111850342,39,3,39,3,47,726,679,82,1,2,11435,103,28,412,28,5
111850343,68,2,68,2,12,210,198,82,3,4,11233,73,41,316,23,8
111850344,4,5,4,5,14,422,408,82,4,4,10466,47,12,212,11,16
111850346,4,5,4,5,42,1070,1028,82,3,3,11225,71,35,309,17,9
111850348,235,6,235,6,16,506,490,82,3,1,11214,62,47,311,21,11
111850349,78,4,78,4,9,299,290,82,1,2,11427,105,23,413,26,3
111850351,124,4,124,4,14,365,351,82,2,2,10003,9,2,103,1,12
111850352,246,3,246,3,21,283,262,82,2,2,10009,9,2,103,1,12
111850357,124,5,124,5,15,321,306,82,4,2,10453,46,14,205,9,15
111850358,4,4,4,4,10,635,625,82,1,6,11105,114,22,401,30,14
111850359,241,4,241,4,26,639,613,82,2,8,10030,30,9,109,5,13
111850360,235,6,235,6,79,388,309,82,2,3,10001,14,3,104,2,10
111850361,197,2,197,2,7,110,103,82,5,1,10302,121,49,501,31,11
111850362,235,6,235,6,51,298,247,82,2,2,10009,9,2,103,1,7
111850364,229,4,229,4,10,222,212,82,3,2,11226,70,40,314,17,9
111850365,124,5,124,5,21,594,573,82,2,8,10039,32,9,110,5,13
111850366,78,4,78,4,14,174,160,82,2,5,10065,19,4,108,2,12
111850367,80,7,80,7,20,629,609,82,3,1,11214,62,47,311,21,10
111850369,209,6,80,7,60,791,731,82,3,3,11210,67,45,317,22,9
111850370,4,5,4,5,43,459,416,82,4,2,10453,46,14,205,10,15
111850371,28,2,28,2,36,501,465,82,4,2,10457,46,15,205,9,15
111850372,124,5,122,3,11,210,199,82,2,3,10036,18,4,105,2,12
111850374,229,4,229,4,43,345,302,82,4,2,10453,46,14,205,10,15
111850375,68,2,68,2,21,415,394,82,4,3,10472,43,18,209,12,15
111850377,124,5,124,5,12,145,133,82,4,5,10458,52,15,207,10,13
111850379,235,6,235,6,14,516,502,82,3,1,11214,62,43,311,20,10
111850380,235,4,235,6,15,472,457,82,1,3,11414,106,32,410,27,8
111850382,233,3,233,3,19,38,19,82,3,3,11203,67,45,317,18,9
111850384,124,5,124,5,19,769,750,82,2,7,10035,25,8,111,4,12
111850385,4,5,4,5,116,390,274,82,3,4,11207,75,42,305,19,8
111850387,124,5,124,5,13,207,194,82,3,2,11232,72,38,307,15,7
111850388,198,5,198,5,14,284,270,82,4,3,10475,45,12,210,11,16
111850390,115,3,115,3,16,272,256,82,4,1,10456,42,16,203,8,15
111850391,235,6,235,6,44,309,265,82,4,2,10453,46,14,205,9,15
111850392,68,2,68,2,49,496,447,82,1,6,11372,115,25,403,30,14
111850393,235,6,235,6,28,318,290,82,4,1,10460,42,17,203,12,15
111850394,235,6,235,6,13,590,577,82,2,6,10027,26,7,109,5,13
111850397,241,4,241,4,38,294,256,82,4,1,10454,40,17,201,7,15
111850398,78,4,78,4,20,288,268,82,3,4,11207,75,42,305,19,8
111850399,124,5,124,5,11,440,429,82,1,6,11368,115,21,403,24,14
111850401,235,6,235,6,15,348,333,82,4,3,10461,45,13,210,11,14
111850403,39,3,39,3,14,327,313,82,2,3,10022,17,4,106,2,12
111850407,198,5,198,5,46,282,236,82,3,4,11208,75,42,305,19,8
111850408,115,3,115,3,13,269,256,82,3,5,11206,79,36,303,14,8
111850409,240,7,240,7,28,827,799,82,2,3,10001,14,3,104,2,10
111850411,4,5,4,5,12,343,331,82,2,3,10023,18,3,104,3,10
111850414,198,5,201,3,15,425,410,82,4,1,10456,42,17,203,9,15
111850416,123,7,123,7,22,551,529,82,4,2,10452,44,8,204,9,15
111850419,189,5,189,5,22,243,221,82,3,7,11221,83,37,304,32,7
111850420,68,2,68,2,15,364,349,82,3,1,11229,70,48,314,21,9
111850421,248,2,248,2,13,352,339,82,4,2,10460,48,15,206,12,15
111850422,68,2,68,2,26,421,395,82,4,3,10465,45,13,210,8,14
111850424,259,2,259,2,9,225,216,82,3,7,11211,94,33,301,14,12
111850430,218,3,218,3,35,457,422,82,3,2,11218,66,39,312,15,10
111850431,78,4,78,4,25,571,546,82,2,3,10001,14,3,104,2,10
